六七八九十,liù qī bā jiǔ shí,"6, 7, 8, 9, 10"
没关系,méi guān xì,No problem / it doesn't matter
这是一杯茶,zhè shì yī bēi chá,this is a cup of tea
我想喝一杯茶和一杯奶,wǒ xiǎng hē yī bēi chá hé yī bēi nǎi,i want to drink a cup of tea and a glass of milk
我想喝一杯水,wǒ xiǎng hē yī bēi shuǐ,I want to drink a glass of water
再见,zài jiàn,see you again
这是你的钱,zhè shì nǐ de qián,this is your money
你是中国人吗？,nǐ shì zhōng guó rén ma ？,Are you Chinese?
你是老师吗？,nǐ shì lǎo shī má ？,Are you the teacher?
中午几点吃饭？,zhōng wǔ jī diǎn chī fàn ？,At what time do you eat at noon?
八月三十一号,bā yuè sān shí yī hào,August the 31st
但是我想喝一杯奶茶,dàn shì wǒ xiǎng hē yī bēi nǎi chá,But I want to drink a cup of milk tea.
但是这个杯子多少钱？,dàn shì zhè gè bēi zǐ duō shǎo qián,But how much is this cup?
做什么？,zuò shén me ？,Do what？
你也想去吗？,nǐ yě xiǎng qù má ？,Do you also want to go?
你想喝奶茶吗,nǐ xiǎng hē nǎi chá má,Do you want to drink milk tea?
你想喝红茶吗,nǐ xiǎng hē hóng chá má,Do you want to drink red tea?
你想喝一点茶吗？,nǐ xiǎng hé yī diǎn chá mǎ ？,Do you want to drink some tea?
你的炒面好吃吗？,nǐ de chǎo miàn hǎo chī má？,Do your fried noodles taste good?
好吃吗？,hǎo chī má,Does it taste good?
你的路茶好喝嗎,nǐ de lù chá hǎo hē má,Does your green tea taste good?
请问,qǐng wèn,Excuse me ...
请问有炒面吗？,qǐng wèn yǒu chǎo miàn má ？,"Excuse me, do you have fried noodles?"
请问有红茶吗？,qǐng wèn yǒu hóng chá má ？,"Excuse me, do you have red tea?"
炒饭十块钱，奶茶两块钱,chǎo fàn shí kuài qián ， nǎi chá liǎng kuài qián,"Fried rice is ten bucks, milk tea is two bucks."
吃了吗?,chī liǎo má,Have you eaten? (Informal greeting)
他不是我的同学，他是我的朋友。,tā bù shì wǒ de tóng xué ， tā shì wǒ de péng yǒu,"He is not my classmate, he is my friend."
你好你想喝什么,nǐ hǎo， nǐ xiǎng hē shén me,"Hello, what would you like to drink?"
这个盘子多大？,zhè gè pán zǐ duō dà ？,How big is this plate?
你想喝几杯茶？,nǐ xiǎng hē jī bēi chá ？,How many cups of tea do you want to drink?
几个人？,jī gè rén ？,How many people?
你想吃几盘炒面？,nǐ xiǎng chī jī pán chǎo miàn,How many plates of fried noodles do you want to eat?
蘋果多少錢？,píng guǒ duō shǎo qián,How much are apples?
那个杯子多少钱,nà gè bēi zǐ duō shǎo qián,How much is that cup?
你今年多大了？,nǐ jīn nián duō dà liǎo ？,How old are you this year?
王老师多大了？,wáng lǎo shī duō dà liǎo ？,How old is teacher Wang?
你儿子几岁了？,nǐ ér zǐ jī suì liǎo ？,How old is your son?
我也想喝茶,wǒ yě xiǎng hē chá,I also want to drink tea.
我也想吃炒饭。,wǒ yě xiǎng chī chǎo fàn,I also want to eat fried rice.
我也想喝一杯茶,wǒ yě xiǎng hē yī bēi chá,I also would like to drink a cup of tea.
我是德國人,wǒ shì dé guó rén,I am German.
我不是老师，我是学生。,wǒ bù shì lǎo shī ， wǒ shì xué shēng 。,"I am not a teacher, I am a student."
我不喝茶,wǒ bù hē chá,I dont drink tea.
我不想,wǒ bù xiǎng,I dont want to
我不想吃你呢,wǒ bù xiǎng chī nǐ ne,"I dont want to eat, what about you?"
我喝三杯茶。,wǒ hē sān bēi chá,I drink 3 cups of tea.
我喝茶,wǒ hē chá,I drink tea.
我去买一个盘子。,wǒ qù mǎi yī gè pán zǐ 。,I go to buy a plate.
我去买一点苹果。,wǒ qù mǎi yī diǎn píng guǒ 。,I go to buy some apples.
我有钱。,wǒ yǒu qián 。,I have money
我喜欢中文课,wǒ xǐ huān zhōng wén kè,I like Chinese class.
我爱我的小猫咪们。,wǒ ài wǒ de xiǎo māo mī mén,I love my kitties.
我想吃一盤炒飯和一杯奶茶,wǒ xiǎng chī yī pán chǎo fàn hé yī bēi nǎi chá,"I want a plate of fried rice, and a cup of milk tea."
我想,wǒ xiǎng,I want to
我想买,wǒ xiǎng mǎi,I want to buy
我想买一点苹果,wǒ xiǎng mǎi yī diǎn píng guǒ,I want to buy some apples.
我想买这个杯子,wǒ xiǎng mǎi zhè gè bēi zǐ,I want to buy this cup.
我想喝红茶,wǒ xiǎng hē hóng chá,I want to drink red tea
我想吃炒面,wǒ xiǎng chī chǎo miàn,I want to eat fried noodles.
我想吃炒饭,wǒ xiǎng chī chǎo fàn,I want to eat fried rice
我想去,wǒ xiǎng qù,I want to go to
我想买一点绿茶,wǒ xiǎng mǎi yī diǎn lǜ chá,Id like to buy some green tea.
我叫,wǒ jiào michi,Im called Michi
我不是美國人，我是德國人,wǒ bù shì měi guó rén ， wǒ shì dé guó rén,"Im not American, im German."
他是你的同学吗？,tā shì nǐ de tóng xué má ？,Is he your classmate?
很好吃,hěn hǎo chī,It tastes very good
现在十点十分。,xiàn zài shí diǎn shí fēn,It's ten past ten.
我家有三个人。,wǒ jiā yǒu sān gè rén 。,My family has three people.
我的炒面很好吃,wǒ de chǎo miàn hěn hǎo chī,My fried noodles taste very good.
我的炒飯很好吃，我的奶茶也很好喝,wǒ de chǎo fàn hěn hǎo chī ， wǒ de nǎi chá yě hěn hǎo hē,"My fried rice is delicious, and so is my milk tea."
我的朋友和我想去吃饭。,wǒ de péng yǒu hé wǒ xiǎng qù chī fàn 。,My friends and I want to go eat.
我的绿茶也很好喝,wǒ de lǜ chá yě hěn hǎo hē,"My green tea was delicious, too."
活到老，学到老,huó dào lǎo ， xué dào lǎo,Never too old to learn / Learn as long as you live
好的！,hǎo de ！,Okay！
星期三你去商店吗？,xīng qī sān nǐ qù shāng diàn má ？,On wednesday you go to the shops?
一块钱,yī kuài qián,One buck
他五十岁了。,tā wǔ shí suì liǎo 。,She is 50 years old.
她是我的同学。,tā shì wǒ de tóng xué 。,She is my classmate.
她是我的朋友。,tā shì wǒ de péng yǒu 。,She is my friend.
他今年二十岁了。,tā jīn nián èr shí suì liǎo 。,She is twenty years old this year.
对不起,duì bù qǐ,Sorry
对不起,duì bù qǐ,Sorry
对不起，这是你的绿茶。,duì bù qǐ ， zhè shì nǐ de lǜ chá 。,"Sorry, this is your green tea."
那个杯子十八块钱,nà gè bēi zǐ shí bā kuài qián,That cup is 18 bucks
这个杯子十一块钱,zhè gè bēi zǐ shí yī kuài qián,This cup is 11 bucks
这个杯子不大。,zhè gè bēi zǐ bù dà 。,This cup is not big.
这是我的十八钱,zhè shì wǒ de shí bā qián,This is my 18 bucks
这盘十五块钱,zhè pán shí wǔ kuài qián,This plate is 15 bucks
今天中午我去商店。,jīn tiān zhōng wǔ wǒ qù shāng diàn,Today at noon I go to the shops
明天我去商店。,míng tiān wǒ qù shāng diàn 。,Tomorrow I go to the shops
明天是星期四。,míng tiān shì xīng qī sì 。,Tomorrow is thursday
她呢？,tā ne ？,What about her?
明天呢?,míng tiān ne ?,What about tomorrow?
你喝什么,nǐ hē shén me,What do you drink?
你吃什么,nǐ chī shén me,What do you eat?
下午你想做什么？,xià wǔ nǐ xiǎng zuò shén me,What do you want to do in the afternoon?
你想喝什么,nǐ xiǎng hē shén me,What do you want to drink?
你想吃什么,nǐ xiǎng chī shén me,What do you want to eat?
她叫什么名字？,tā jiào shén me míng zì ？,What is her name?
今天是几号？,jīn tiān shì jī hào,What is the date today?